time,epochs,messages,response,label
20240201-215401,50,"[{'role': 'system', 'content': 'You will be provided a description and a piece of code, and your task is to say if the description is relevant to the code, using irrelevant, partially irrelevant, partially relevant, relevant only'}, {'role': 'user', 'content': ""The description is ['finding time elapsed using a timer'] and the source code is ['public S animate(Timer timer)\\n\\t{\\n\\t\\tlong elapsed = timer.elapsedTime() - Timer.tickToTime(delay);\\n\\t\\tstarted = elapsed > transform.getDelay();\\n\\t\\tfinished = elapsed > transform.totalDuration() && transform.getLoops() != -1;\\n\\n\\t\\tif (!started && !renderBefore)\\n\\t\\t\\treturn null;\\n\\t\\tif (finished && !renderAfter)\\n\\t\\t\\treturn null;\\n\\n\\t\\ttransform.transform(transformable, elapsed);\\n\\t\\treturn transformable;\\n\\t}'].""}]",Partially relevant,['partially relevant']
20240201-215401,50,"[{'role': 'system', 'content': 'You will be provided a description and a piece of code, and your task is to say if the description is relevant to the code, using irrelevant, partially irrelevant, partially relevant, relevant only'}, {'role': 'user', 'content': ""The description is ['get current observable value'] and the source code is ['public <T> Observable<T> getAndObserve(String key, Class<T> classOfT, T defaultValue) {\\n    return getAndObserve(key, TypeToken.fromClass(classOfT), defaultValue);\\n  }'].""}]",Partially relevant,['irrelevant']
20240201-215401,50,"[{'role': 'system', 'content': 'You will be provided a description and a piece of code, and your task is to say if the description is relevant to the code, using irrelevant, partially irrelevant, partially relevant, relevant only'}, {'role': 'user', 'content': 'The description is [\'create cookie\'] and the source code is [\'private Cookie createCookie(String str) throws UnsupportedEncodingException {\\n    if (LOG.isDebugEnabled()) {\\n      LOG.debug(""Cookie name = "" + AUTH_COOKIE + "" value = "" + str);\\n    }\\n    Cookie cookie = new Cookie(AUTH_COOKIE, str);\\n\\n    cookie.setMaxAge(cookieMaxAge);\\n    if (cookieDomain != null) {\\n      cookie.setDomain(cookieDomain);\\n    }\\n    if (cookiePath != null) {\\n      cookie.setPath(cookiePath);\\n    }\\n    cookie.setSecure(isCookieSecure);\\n    return cookie;\\n  }\'].'}]",Relevant,['partially relevant']
20240201-215401,50,"[{'role': 'system', 'content': 'You will be provided a description and a piece of code, and your task is to say if the description is relevant to the code, using irrelevant, partially irrelevant, partially relevant, relevant only'}, {'role': 'user', 'content': 'The description is [\'print model summary\'] and the source code is [\'private static void summarizeDeepLearningModel(ModelSummary summary, hex.deeplearning.DeepLearningModel model) {\\n    // add generic fields such as column names\\n    summarizeModelCommonFields(summary, model);\\n\\n    summary.model_algorithm = ""DeepLearning"";\\n\\n    JsonObject all_params = (model.get_params()).toJSON();\\n    summary.critical_parameters = whitelistJsonObject(all_params, DL_critical_params);\\n    summary.secondary_parameters = whitelistJsonObject(all_params, DL_secondary_params);\\n    summary.expert_parameters = whitelistJsonObject(all_params, DL_expert_params);\\n  }\'].'}]",Partially relevant,['irrelevant']
20240201-215401,50,"[{'role': 'system', 'content': 'You will be provided a description and a piece of code, and your task is to say if the description is relevant to the code, using irrelevant, partially irrelevant, partially relevant, relevant only'}, {'role': 'user', 'content': ""The description is ['matrix multiply'] and the source code is ['public Matrix multiply(Matrix B, ExecutorService threadPool)\\n    {\\n        Matrix C = new DenseMatrix(this.rows(), B.cols());\\n        multiply(B, C, threadPool);\\n        return C;\\n    }'].""}]",Irrelevant,['relevant']
20240201-215401,50,"[{'role': 'system', 'content': 'You will be provided a description and a piece of code, and your task is to say if the description is relevant to the code, using irrelevant, partially irrelevant, partially relevant, relevant only'}, {'role': 'user', 'content': 'The description is [\'create cookie\'] and the source code is [\'private static String getHttpOnlyCookieHeader(Cookie cookie) {\\n    NewCookie newCookie = new NewCookie(cookie.getName(), cookie.getValue(),\\n      cookie.getPath(), cookie.getDomain(), cookie.getVersion(),\\n      cookie.getComment(), cookie.getMaxAge(), cookie.getSecure());\\n    return newCookie + ""; HttpOnly"";\\n  }\'].'}]",Partially relevant,['partially relevant']
20240201-215401,50,"[{'role': 'system', 'content': 'You will be provided a description and a piece of code, and your task is to say if the description is relevant to the code, using irrelevant, partially irrelevant, partially relevant, relevant only'}, {'role': 'user', 'content': ""The description is ['hash set for counting distinct elements'] and the source code is ['public NumberExpression<Long> countDistinct() {\\n        if (countDistinct == null) {\\n            countDistinct = Expressions.numberOperation(Long.class, Ops.AggOps.COUNT_DISTINCT_AGG, mixin);\\n        }\\n        return countDistinct;\\n    }'].""}]",Irrelevant,['irrelevant']
20240201-215401,50,"[{'role': 'system', 'content': 'You will be provided a description and a piece of code, and your task is to say if the description is relevant to the code, using irrelevant, partially irrelevant, partially relevant, relevant only'}, {'role': 'user', 'content': 'The description is [\'convert a date string into yyyymmdd\'] and the source code is [\'public static Date getDay(String string) {\\n\\t\\tif (string == null) {\\n\\t\\t\\treturn null;\\n\\t\\t}\\n\\t\\tDate date = null;\\n\\t\\ttry {\\n\\t\\t\\tdate = (new SimpleDateFormat(""dd-MMM-yyyy"").parse(string));\\n\\t\\t}\\n\\t\\tcatch (ParseException ex) {\\n\\t\\t\\treturn null;\\n\\t\\t}\\n\\t\\treturn date;\\n\\t}\'].'}]",Partially relevant,['partially relevant']
20240201-215401,50,"[{'role': 'system', 'content': 'You will be provided a description and a piece of code, and your task is to say if the description is relevant to the code, using irrelevant, partially irrelevant, partially relevant, relevant only'}, {'role': 'user', 'content': 'The description is [\'deserialize json\'] and the source code is [\'public static Object deserialize(String json, TypeReference<?> typeReference) throws SerializationException {\\n\\t\\ttry {\\n\\t\\t\\tlogger.debug(""Json string to deserialize {} "", json);\\n\\t\\t\\treturn mapper.readValue(json, typeReference);\\n\\t\\t} catch (IOException e) {\\n\\t\\t\\tlogger.error(""SerializationException {}"", e.getMessage());\\n\\t\\t\\tSerializationException serializationException = new SerializationException(e);\\n\\t\\t\\tthrow serializationException;\\n\\t\\t}\\n\\t}\'].'}]",relevant only,['partially relevant']
20240201-215401,50,"[{'role': 'system', 'content': 'You will be provided a description and a piece of code, and your task is to say if the description is relevant to the code, using irrelevant, partially irrelevant, partially relevant, relevant only'}, {'role': 'user', 'content': 'The description is [\'get current process id\'] and the source code is [\'protected int getCurrentProcessID() throws ProcessHandlerException {\\n        int pid;\\n        // Not ideal but using JNA failed on RHEL5.\\n        RuntimeMXBean runtime = ManagementFactory.getRuntimeMXBean();\\n        Field jvm = null;\\n        try {\\n            jvm = runtime.getClass().getDeclaredField(""jvm"");\\n            jvm.setAccessible(true);\\n            VMManagement mgmt = (VMManagement) jvm.get(runtime);\\n            Method pid_method = mgmt.getClass().getDeclaredMethod(""getProcessId"");\\n            pid_method.setAccessible(true);\\n            pid = (Integer) pid_method.invoke(mgmt);\\n        } catch (NoSuchFieldException | NoSuchMethodException | IllegalAccessException | InvocationTargetException e) {\\n            throw new ProcessHandlerException(e);\\n        }\\n        return pid;\\n    }\'].'}]",relevant only,['partially relevant']
20240201-215401,50,"[{'role': 'system', 'content': 'You will be provided a description and a piece of code, and your task is to say if the description is relevant to the code, using irrelevant, partially irrelevant, partially relevant, relevant only'}, {'role': 'user', 'content': ""The description is ['get executable path'] and the source code is ['public static void copy(Path sourcePath, Path targetPath, boolean executable) throws IOException {\\n\\t\\t// we unwrap the file system to get raw streams without safety net\\n\\t\\tFileSystem sFS = FileSystem.getUnguardedFileSystem(sourcePath.toUri());\\n\\t\\tFileSystem tFS = FileSystem.getUnguardedFileSystem(targetPath.toUri());\\n\\t\\tif (!tFS.exists(targetPath)) {\\n\\t\\t\\tif (sFS.getFileStatus(sourcePath).isDir()) {\\n\\t\\t\\t\\tinternalCopyDirectory(sourcePath, targetPath, executable, sFS, tFS);\\n\\t\\t\\t} else {\\n\\t\\t\\t\\tinternalCopyFile(sourcePath, targetPath, executable, sFS, tFS);\\n\\t\\t\\t}\\n\\t\\t}\\n\\t}'].""}]",Partially relevant,['relevant']
20240201-215401,50,"[{'role': 'system', 'content': 'You will be provided a description and a piece of code, and your task is to say if the description is relevant to the code, using irrelevant, partially irrelevant, partially relevant, relevant only'}, {'role': 'user', 'content': 'The description is [\'extract data from html content\'] and the source code is [""private void extract(String htmlDoc) {\\n\\n    //now extract the contents of <body>...\\n    int bodyStart = htmlDoc.indexOf(BODY_BEGIN) + BODY_BEGIN.length();\\n\\n    //scan for end of the <body> start tag (beginning of body content)\\n    char quote = NOT_IN_QUOTE;\\n    for (int body = bodyStart; body < htmlDoc.length(); body++) {\\n      final char c = htmlDoc.charAt(body);\\n      if (isQuoteChar(c)) {\\n        if (quote == NOT_IN_QUOTE)\\n          quote = c;\\n        else if (quote == c)\\n          quote = NOT_IN_QUOTE;\\n      }\\n\\n      if (\'>\' == c && NOT_IN_QUOTE == quote) {\\n        bodyStart = body + 1;\\n        break;\\n      }\\n    }\\n\\n    int bodyEnd = htmlDoc.indexOf(BODY_END, bodyStart);\\n\\n    //if there was no body tag, just embed whatever was rendered directly\\n    if (-1 == bodyEnd) {\\n      EmbeddedRespond.this.body = htmlDoc;\\n    } else\\n      EmbeddedRespond.this.body = htmlDoc.substring(bodyStart, bodyEnd);\\n  }""].'}]",Partially relevant,['partially relevant']
20240201-215401,50,"[{'role': 'system', 'content': 'You will be provided a description and a piece of code, and your task is to say if the description is relevant to the code, using irrelevant, partially irrelevant, partially relevant, relevant only'}, {'role': 'user', 'content': 'The description is [\'how to randomly pick a number\'] and the source code is [""public TernaryVector generate() {\\n        HashSet<Integer> pos = new HashSet<Integer>();\\n        HashSet<Integer> neg = new HashSet<Integer>();\\n        \\n        // Randomly decide how many bits to set in the index vector based on the\\n        // variance.\\n        int bitsToSet = numVectorValues +\\n            (int)(RANDOM.nextDouble() * variance *\\n                  ((RANDOM.nextDouble() > .5) ? 1 : -1));\\n\\n        for (int i = 0; i < bitsToSet; ++i) {\\n            boolean picked = false;\\n            // loop to ensure we actually pick the full number of bits\\n            while (!picked) {\\n                // pick some random index\\n                int index = RANDOM.nextInt(indexVectorLength);\\n                    \\n                // check that we haven\'t already added this index\\n                if (pos.contains(index) || neg.contains(index))\\n                    continue;\\n                    \\n                // decide positive or negative\\n                ((RANDOM.nextDouble() > .5) ? pos : neg).add(index);\\n                picked = true;\\n            }\\n        }\\n            \\n        int[] positive = new int[pos.size()];\\n        int[] negative = new int[neg.size()];\\n\\n        Iterator<Integer> it = pos.iterator();\\n        for (int i = 0; i < positive.length; ++i) \\n            positive[i] = it.next();\\n\\n        it = neg.iterator();\\n        for (int i = 0; i < negative.length; ++i) \\n            negative[i] = it.next();                \\n\\n        // sort so we can use a binary search in getValue()\\n        Arrays.sort(positive);\\n        Arrays.sort(negative);\\n        return new TernaryVector(indexVectorLength, positive, negative);\\n    }""].'}]",Partially relevant,['partially irrelevant']
20240201-215401,50,"[{'role': 'system', 'content': 'You will be provided a description and a piece of code, and your task is to say if the description is relevant to the code, using irrelevant, partially irrelevant, partially relevant, relevant only'}, {'role': 'user', 'content': 'The description is [\'memoize to disk  - persistent memoization\'] and the source code is [\'public Closure<V> memoizeAtMost(final int maxCacheSize) {\\n        if (maxCacheSize < 0) throw new IllegalArgumentException(""A non-negative number is required as the maxCacheSize parameter for memoizeAtMost."");\\n\\n        return Memoize.buildMemoizeFunction(new LRUCache(maxCacheSize), this);\\n    }\'].'}]",Partially relevant,['partially irrelevant']
20240201-215401,50,"[{'role': 'system', 'content': 'You will be provided a description and a piece of code, and your task is to say if the description is relevant to the code, using irrelevant, partially irrelevant, partially relevant, relevant only'}, {'role': 'user', 'content': 'The description is [\'get the description of a http status code\'] and the source code is [\'public static String getStatusDescription(int status)\\n   {\\n      String description = """";\\n\\n      Integer statusKey = new Integer(status);\\n      if (statusDescriptions.containsKey(statusKey))\\n      {\\n         description = statusDescriptions.get(statusKey);\\n      }\\n\\n      return String.format(""%s %d %s"", WebDavConst.HTTPVER, status, description);\\n   }\'].'}]",Relevant only,['partially relevant']
20240201-215401,50,"[{'role': 'system', 'content': 'You will be provided a description and a piece of code, and your task is to say if the description is relevant to the code, using irrelevant, partially irrelevant, partially relevant, relevant only'}, {'role': 'user', 'content': ""The description is ['how to read the contents of a .gz compressed file?'] and the source code is ['public static InputStream decompress(final InputStream in, final String fileName) throws IOException\\n  {\\n    if (fileName.endsWith(GZ_SUFFIX)) {\\n      return gzipInputStream(in);\\n    } else if (fileName.endsWith(BZ2_SUFFIX)) {\\n      return new BZip2CompressorInputStream(in, true);\\n    } else if (fileName.endsWith(XZ_SUFFIX)) {\\n      return new XZCompressorInputStream(in, true);\\n    } else if (fileName.endsWith(SNAPPY_SUFFIX)) {\\n      return new FramedSnappyCompressorInputStream(in);\\n    } else if (fileName.endsWith(ZSTD_SUFFIX)) {\\n      return new ZstdCompressorInputStream(in);\\n    } else if (fileName.endsWith(ZIP_SUFFIX)) {\\n      // This reads the first file in the archive.\\n      final ZipInputStream zipIn = new ZipInputStream(in, StandardCharsets.UTF_8);\\n      try {\\n        final ZipEntry nextEntry = zipIn.getNextEntry();\\n        if (nextEntry == null) {\\n          zipIn.close();\\n\\n          // No files in the archive - return an empty stream.\\n          return new ByteArrayInputStream(new byte[0]);\\n        }\\n        return zipIn;\\n      }\\n      catch (IOException e) {\\n        try {\\n          zipIn.close();\\n        }\\n        catch (IOException e2) {\\n          e.addSuppressed(e2);\\n        }\\n        throw e;\\n      }\\n    } else {\\n      return in;\\n    }\\n  }'].""}]",Partially relevant,['relevant']
20240201-215401,50,"[{'role': 'system', 'content': 'You will be provided a description and a piece of code, and your task is to say if the description is relevant to the code, using irrelevant, partially irrelevant, partially relevant, relevant only'}, {'role': 'user', 'content': ""The description is ['buffered file reader read text'] and the source code is ['public StringBuffer append(Reader source, StringBuffer buffer) throws IOException\\n\\t{\\n\\t\\tBufferedReader _bufferedReader = new BufferedReader(source);\\n\\t\\tchar[] _buffer = new char[getBufferSize()]; // load by chunk of 4 ko\\n\\t\\ttry\\n\\t\\t{\\n\\t\\t\\tfor (int _countReadChars = 0; _countReadChars >= 0;)\\n\\t\\t\\t{\\n\\t\\t\\t\\tbuffer.append(_buffer, 0, _countReadChars);\\n\\t\\t\\t\\t_countReadChars = _bufferedReader.read(_buffer);\\n\\t\\t\\t}\\n\\t\\t}\\n\\t\\tfinally\\n\\t\\t{\\n\\t\\t\\t_bufferedReader.close();\\n\\t\\t}\\n\\t\\treturn buffer;\\n\\t}'].""}]",Partially relevant,['relevant']
20240201-215401,50,"[{'role': 'system', 'content': 'You will be provided a description and a piece of code, and your task is to say if the description is relevant to the code, using irrelevant, partially irrelevant, partially relevant, relevant only'}, {'role': 'user', 'content': ""The description is ['how to read the contents of a .gz compressed file?'] and the source code is ['public static InputStream decompress(final InputStream in, final String fileName) throws IOException\\n  {\\n    if (fileName.endsWith(GZ_SUFFIX)) {\\n      return gzipInputStream(in);\\n    } else if (fileName.endsWith(BZ2_SUFFIX)) {\\n      return new BZip2CompressorInputStream(in, true);\\n    } else if (fileName.endsWith(XZ_SUFFIX)) {\\n      return new XZCompressorInputStream(in, true);\\n    } else if (fileName.endsWith(SNAPPY_SUFFIX)) {\\n      return new FramedSnappyCompressorInputStream(in);\\n    } else if (fileName.endsWith(ZSTD_SUFFIX)) {\\n      return new ZstdCompressorInputStream(in);\\n    } else if (fileName.endsWith(ZIP_SUFFIX)) {\\n      // This reads the first file in the archive.\\n      final ZipInputStream zipIn = new ZipInputStream(in, StandardCharsets.UTF_8);\\n      try {\\n        final ZipEntry nextEntry = zipIn.getNextEntry();\\n        if (nextEntry == null) {\\n          zipIn.close();\\n\\n          // No files in the archive - return an empty stream.\\n          return new ByteArrayInputStream(new byte[0]);\\n        }\\n        return zipIn;\\n      }\\n      catch (IOException e) {\\n        try {\\n          zipIn.close();\\n        }\\n        catch (IOException e2) {\\n          e.addSuppressed(e2);\\n        }\\n        throw e;\\n      }\\n    } else {\\n      return in;\\n    }\\n  }'].""}]",Partially relevant,['relevant']
20240201-215401,50,"[{'role': 'system', 'content': 'You will be provided a description and a piece of code, and your task is to say if the description is relevant to the code, using irrelevant, partially irrelevant, partially relevant, relevant only'}, {'role': 'user', 'content': ""The description is ['how to reverse a string'] and the source code is ['public static String reverse(final String s) {\\n\\t\\tStringBuilder result = new StringBuilder(s.length());\\n\\t\\tfor (int i = s.length() -1; i >= 0; i--) {\\n\\t\\t\\tresult.append(s.charAt(i));\\n\\t\\t}\\n\\t\\treturn result.toString();\\n\\t}'].""}]",relevant,['partially relevant']
20240201-215401,50,"[{'role': 'system', 'content': 'You will be provided a description and a piece of code, and your task is to say if the description is relevant to the code, using irrelevant, partially irrelevant, partially relevant, relevant only'}, {'role': 'user', 'content': ""The description is ['read properties file'] and the source code is ['public static Properties readPropertiesFromFile(File file)\\n      throws IOException {\\n    try (FileInputStream fis = new FileInputStream(file)) {\\n      Properties prop = new Properties();\\n      prop.load(fis);\\n      return prop;\\n    }\\n  }'].""}]",relevant only,['relevant']
20240201-215401,50,"[{'role': 'system', 'content': 'You will be provided a description and a piece of code, and your task is to say if the description is relevant to the code, using irrelevant, partially irrelevant, partially relevant, relevant only'}, {'role': 'user', 'content': 'The description is [\'replace in file\'] and the source code is [\'private void replaceInFile(String oldText, String newText) {\\n        StringBuilder oldContent = new StringBuilder();\\n\\n        try (FileReader fr = new FileReader(file); BufferedReader reader = new BufferedReader(fr)) {\\n            String line;\\n            while ((line = reader.readLine()) != null) {\\n                oldContent.append(line);\\n                oldContent.append(""\\\\r\\\\n"");\\n            }\\n        } catch (IOException e) {\\n            log.error(e);\\n        }\\n\\n        // replace a word in a file\\n        String newContent = oldContent.toString().replaceAll(oldText, newText);\\n\\n        try (FileWriter writer = new FileWriter(file)) {\\n            writer.write(newContent);\\n        } catch (IOException ioe) {\\n            log.error(ioe);\\n        }\\n    }\'].'}]",The description is relevant to the code.,['relevant']
20240201-215401,50,"[{'role': 'system', 'content': 'You will be provided a description and a piece of code, and your task is to say if the description is relevant to the code, using irrelevant, partially irrelevant, partially relevant, relevant only'}, {'role': 'user', 'content': 'The description is [\'html encode string\'] and the source code is [\'public static String urlEncode(String str)\\n    {\\n        String ret = str;\\n\\n        try \\n        {\\n            ret = URLEncoder.encode(str, ""UTF-8"");\\n        } \\n        catch (UnsupportedEncodingException e) \\n        {\\n            logger.severe(""Failed to encode value: ""+str);\\n        }\\n\\n        return ret;\\n    }\'].'}]",Partially relevant,['irrelevant']
20240201-215401,50,"[{'role': 'system', 'content': 'You will be provided a description and a piece of code, and your task is to say if the description is relevant to the code, using irrelevant, partially irrelevant, partially relevant, relevant only'}, {'role': 'user', 'content': 'The description is [\'how to get database table name\'] and the source code is [\'public String getTableNames(boolean bAddQuotes)\\n    {\\n        if (m_tableName == null)\\n        {\\n            String strDatabaseName = """";\\n            if (this.getDatabaseName() != null)\\n                if (!this.getDatabaseName().endsWith(""_"" + this.getDatabaseName()))\\n                    strDatabaseName = ""_"" + this.getDatabaseName();\\n            return Record.formatTableNames(DATABASE_INFO_FILE, bAddQuotes) + strDatabaseName;\\n        }\\n        return super.getTableNames(bAddQuotes);\\n    }\'].'}]",Partially relevant,['irrelevant']
20240201-215401,50,"[{'role': 'system', 'content': 'You will be provided a description and a piece of code, and your task is to say if the description is relevant to the code, using irrelevant, partially irrelevant, partially relevant, relevant only'}, {'role': 'user', 'content': ""The description is ['all permutations of a list'] and the source code is ['public void completeGroup() {\\n\\t\\t// Copy initial set to allow permutations to grow\\n\\t\\tList<List<Integer>> gens = new ArrayList<List<Integer>>(permutations);\\n\\t\\t// Keep HashSet version of permutations for fast lookup.\\n\\t\\tSet<List<Integer>> known = new HashSet<List<Integer>>(permutations);\\n\\t\\t//breadth-first search through the map of all members\\n\\t\\tList<List<Integer>> currentLevel = new ArrayList<List<Integer>>(permutations);\\n\\t\\twhile( currentLevel.size() > 0) {\\n\\t\\t\\tList<List<Integer>> nextLevel = new ArrayList<List<Integer>>();\\n\\t\\t\\tfor( List<Integer> p : currentLevel) {\\n\\t\\t\\t\\tfor(List<Integer> gen : gens) {\\n\\t\\t\\t\\t\\tList<Integer> y = combine(p,gen);\\n\\t\\t\\t\\t\\tif(!known.contains(y)) {\\n\\t\\t\\t\\t\\t\\tnextLevel.add(y);\\n\\t\\t\\t\\t\\t\\t//bypass addPermutation(y) for performance\\n\\t\\t\\t\\t\\t\\tpermutations.add(y);\\n\\t\\t\\t\\t\\t\\tknown.add(y);\\n\\t\\t\\t\\t\\t}\\n\\t\\t\\t\\t}\\n\\t\\t\\t}\\n\\t\\t\\tcurrentLevel = nextLevel;\\n\\t\\t}\\n\\t}'].""}]",Partially relevant,['partially irrelevant']
20240201-215401,50,"[{'role': 'system', 'content': 'You will be provided a description and a piece of code, and your task is to say if the description is relevant to the code, using irrelevant, partially irrelevant, partially relevant, relevant only'}, {'role': 'user', 'content': ""The description is ['socket recv timeout'] and the source code is ['protected Socket acceptSocket(int timeout)\\n    {\\n        try\\n        {\\n            Socket s = null;\\n\\n            if (_listen != null)\\n            {\\n                if (_soTimeOut != timeout)\\n                {\\n                    _soTimeOut = timeout;\\n                    _listen.setSoTimeout(_soTimeOut);\\n                }\\n\\n                s = _listen.accept();\\n\\n                try\\n                {\\n                    if (getMaxIdleTimeMs() >= 0) s.setSoTimeout(getMaxIdleTimeMs());\\n                    if (_lingerTimeSecs >= 0)\\n                        s.setSoLinger(true, _lingerTimeSecs);\\n                    else\\n                        s.setSoLinger(false, 0);\\n                }\\n                catch (Exception e)\\n                {\\n                    LogSupport.ignore(log, e);\\n                }\\n            }\\n            return s;\\n        }\\n        catch (java.net.SocketException e)\\n        {\\n            // TODO - this is caught and ignored due strange\\n            // exception from linux java1.2.v1a\\n            LogSupport.ignore(log, e);\\n        }\\n        catch (InterruptedIOException e)\\n        {\\n            LogSupport.ignore(log, e);\\n        }\\n        catch (IOException e)\\n        {\\n            log.warn(LogSupport.EXCEPTION, e);\\n        }\\n        return null;\\n    }'].""}]",Partially relevant,['partially relevant']
20240201-215401,50,"[{'role': 'system', 'content': 'You will be provided a description and a piece of code, and your task is to say if the description is relevant to the code, using irrelevant, partially irrelevant, partially relevant, relevant only'}, {'role': 'user', 'content': ""The description is ['converting uint8 array to image'] and the source code is ['private BufferedImage to16Bit1ComponentGrayScale(int[][] decoded, int precision, int width, int height) {\\n        BufferedImage image;\\n        if (precision == 16) {\\n            image = new BufferedImage(width, height, BufferedImage.TYPE_USHORT_GRAY);\\n        }\\n        else {\\n            ColorModel colorModel = new ComponentColorModel(ColorSpace.getInstance(ColorSpace.CS_GRAY), new int[] {precision}, false, false, Transparency.OPAQUE, DataBuffer.TYPE_USHORT);\\n            image = new BufferedImage(colorModel, colorModel.createCompatibleWritableRaster(width, height), colorModel.isAlphaPremultiplied(), null);\\n        }\\n\\n        short[] imageBuffer = ((DataBufferUShort) image.getRaster().getDataBuffer()).getData();\\n\\n        for (int i = 0; i < imageBuffer.length; i++) {\\n            imageBuffer[i] = (short) decoded[0][i];\\n        }\\n\\n        return image;\\n    }'].""}]",partially relevant,['irrelevant']
20240201-215401,50,"[{'role': 'system', 'content': 'You will be provided a description and a piece of code, and your task is to say if the description is relevant to the code, using irrelevant, partially irrelevant, partially relevant, relevant only'}, {'role': 'user', 'content': ""The description is ['matrix multiply'] and the source code is ['public Matrix multiply (final float k)\\n  {\\n    final float pv[][] = new float [m_nRows] [m_nCols]; // product values\\n\\n    // Compute values of the product.\\n    for (int r = 0; r < m_nRows; ++r)\\n    {\\n      for (int c = 0; c < m_nCols; ++c)\\n      {\\n        pv[r][c] = k * m_aValues[r][c];\\n      }\\n    }\\n\\n    return new Matrix (pv);\\n  }'].""}]",Partially relevant,['partially irrelevant']
20240201-215401,50,"[{'role': 'system', 'content': 'You will be provided a description and a piece of code, and your task is to say if the description is relevant to the code, using irrelevant, partially irrelevant, partially relevant, relevant only'}, {'role': 'user', 'content': ""The description is ['buffered file reader read text'] and the source code is ['public static String getText(Reader reader) throws IOException {\\n        BufferedReader bufferedReader = new BufferedReader(reader);\\n        return getText(bufferedReader);\\n    }'].""}]",Relevant,['partially relevant']
20240201-215401,50,"[{'role': 'system', 'content': 'You will be provided a description and a piece of code, and your task is to say if the description is relevant to the code, using irrelevant, partially irrelevant, partially relevant, relevant only'}, {'role': 'user', 'content': 'The description is [\'heatmap from 3d coordinates\'] and the source code is [\'public Point3d[] get3DCoordinatesForSP3Ligands(IAtom refAtom, IAtomContainer noCoords, IAtomContainer withCoords,\\n            IAtom atomC, int nwanted, double length, double angle) {\\n        //logger.debug(""SP3 Ligands start "");\\n        Point3d newPoints[] = new Point3d[0];\\n        Point3d aPoint = refAtom.getPoint3d();\\n        int nwithCoords = withCoords.getAtomCount();\\n        if (angle < 0) {\\n            angle = TETRAHEDRAL_ANGLE;\\n        }\\n        if (nwithCoords == 0) {\\n            newPoints = calculate3DCoordinates0(refAtom.getPoint3d(), nwanted, length);\\n        } else if (nwithCoords == 1) {\\n            newPoints = calculate3DCoordinates1(aPoint, (withCoords.getAtom(0)).getPoint3d(),\\n                    (atomC != null) ? atomC.getPoint3d() : null, nwanted, length, angle);\\n        } else if (nwithCoords == 2) {\\n            Point3d bPoint = withCoords.getAtom(0).getPoint3d();\\n            Point3d cPoint = withCoords.getAtom(1).getPoint3d();\\n            newPoints = calculate3DCoordinates2(aPoint, bPoint, cPoint, nwanted, length, angle);\\n        } else if (nwithCoords == 3) {\\n            Point3d bPoint = withCoords.getAtom(0).getPoint3d();\\n            Point3d cPoint = withCoords.getAtom(1).getPoint3d();\\n            newPoints = new Point3d[1];\\n            Point3d dPoint = withCoords.getAtom(2).getPoint3d();\\n            newPoints[0] = calculate3DCoordinates3(aPoint, bPoint, cPoint, dPoint, length);\\n        }\\n        //logger.debug(""...Ready"");\\n        return newPoints;\\n    }\'].'}]",Partially relevant,['irrelevant']
20240201-215401,50,"[{'role': 'system', 'content': 'You will be provided a description and a piece of code, and your task is to say if the description is relevant to the code, using irrelevant, partially irrelevant, partially relevant, relevant only'}, {'role': 'user', 'content': 'The description is [\'set working directory\'] and the source code is [\'public void setWorkDir(String dir) throws IOException\\r\\n    {\\r\\n        File workDir = new File(dir);\\r\\n\\r\\n        if (!workDir.exists() || !workDir.canWrite() || !workDir.canRead())\\r\\n        {\\r\\n            throw new IOException(""Cannot access directory ""+dir);\\r\\n        }\\r\\n        _workDir = workDir;\\r\\n    }\'].'}]",Partially relevant,['irrelevant']
20240201-215401,50,"[{'role': 'system', 'content': 'You will be provided a description and a piece of code, and your task is to say if the description is relevant to the code, using irrelevant, partially irrelevant, partially relevant, relevant only'}, {'role': 'user', 'content': 'The description is [\'heatmap from 3d coordinates\'] and the source code is [\'public Point3d[] get3DCoordinatesForSP3Ligands(IAtom refAtom, IAtomContainer noCoords, IAtomContainer withCoords,\\n            IAtom atomC, int nwanted, double length, double angle) {\\n        //logger.debug(""SP3 Ligands start "");\\n        Point3d newPoints[] = new Point3d[0];\\n        Point3d aPoint = refAtom.getPoint3d();\\n        int nwithCoords = withCoords.getAtomCount();\\n        if (angle < 0) {\\n            angle = TETRAHEDRAL_ANGLE;\\n        }\\n        if (nwithCoords == 0) {\\n            newPoints = calculate3DCoordinates0(refAtom.getPoint3d(), nwanted, length);\\n        } else if (nwithCoords == 1) {\\n            newPoints = calculate3DCoordinates1(aPoint, (withCoords.getAtom(0)).getPoint3d(),\\n                    (atomC != null) ? atomC.getPoint3d() : null, nwanted, length, angle);\\n        } else if (nwithCoords == 2) {\\n            Point3d bPoint = withCoords.getAtom(0).getPoint3d();\\n            Point3d cPoint = withCoords.getAtom(1).getPoint3d();\\n            newPoints = calculate3DCoordinates2(aPoint, bPoint, cPoint, nwanted, length, angle);\\n        } else if (nwithCoords == 3) {\\n            Point3d bPoint = withCoords.getAtom(0).getPoint3d();\\n            Point3d cPoint = withCoords.getAtom(1).getPoint3d();\\n            newPoints = new Point3d[1];\\n            Point3d dPoint = withCoords.getAtom(2).getPoint3d();\\n            newPoints[0] = calculate3DCoordinates3(aPoint, bPoint, cPoint, dPoint, length);\\n        }\\n        //logger.debug(""...Ready"");\\n        return newPoints;\\n    }\'].'}]",Partially relevant,['irrelevant']
20240201-215401,50,"[{'role': 'system', 'content': 'You will be provided a description and a piece of code, and your task is to say if the description is relevant to the code, using irrelevant, partially irrelevant, partially relevant, relevant only'}, {'role': 'user', 'content': 'The description is [\'how to extract zip file recursively\'] and the source code is [\'public static void extractZip(File file) throws FileNotFoundException, IOException {\\n        final String originalPath = file.getPath();\\n        final File zip = new File(originalPath + "".zip"");\\n        if (zip.isFile() && !zip.delete()) {\\n            LOGGER.debug(""Failed to delete initial temporary file when extracting \\\'zip\\\' {}"", zip.toString());\\n            zip.deleteOnExit();\\n        }\\n        if (!file.renameTo(zip)) {\\n            throw new IOException(""Unable to rename \\\'"" + file.getPath() + ""\\\'"");\\n        }\\n        final File newFile = new File(originalPath);\\n        try (FileInputStream fis = new FileInputStream(zip);\\n                ZipInputStream cin = new ZipInputStream(fis);\\n                FileOutputStream out = new FileOutputStream(newFile)) {\\n            cin.getNextEntry();\\n            IOUtils.copy(cin, out);\\n        } finally {\\n            if (zip.isFile() && !org.apache.commons.io.FileUtils.deleteQuietly(zip)) {\\n                LOGGER.debug(""Failed to delete temporary file when extracting \\\'zip\\\' {}"", zip.toString());\\n                zip.deleteOnExit();\\n            }\\n        }\\n    }\'].'}]",Partially relevant,['partially relevant']
20240201-215401,50,"[{'role': 'system', 'content': 'You will be provided a description and a piece of code, and your task is to say if the description is relevant to the code, using irrelevant, partially irrelevant, partially relevant, relevant only'}, {'role': 'user', 'content': 'The description is [\'how to extract zip file recursively\'] and the source code is [\'public static void extractZip(File file) throws FileNotFoundException, IOException {\\n        final String originalPath = file.getPath();\\n        final File zip = new File(originalPath + "".zip"");\\n        if (zip.isFile() && !zip.delete()) {\\n            LOGGER.debug(""Failed to delete initial temporary file when extracting \\\'zip\\\' {}"", zip.toString());\\n            zip.deleteOnExit();\\n        }\\n        if (!file.renameTo(zip)) {\\n            throw new IOException(""Unable to rename \\\'"" + file.getPath() + ""\\\'"");\\n        }\\n        final File newFile = new File(originalPath);\\n        try (FileInputStream fis = new FileInputStream(zip);\\n                ZipInputStream cin = new ZipInputStream(fis);\\n                FileOutputStream out = new FileOutputStream(newFile)) {\\n            cin.getNextEntry();\\n            IOUtils.copy(cin, out);\\n        } finally {\\n            if (zip.isFile() && !org.apache.commons.io.FileUtils.deleteQuietly(zip)) {\\n                LOGGER.debug(""Failed to delete temporary file when extracting \\\'zip\\\' {}"", zip.toString());\\n                zip.deleteOnExit();\\n            }\\n        }\\n    }\'].'}]",Partially relevant,['partially relevant']
20240201-215401,50,"[{'role': 'system', 'content': 'You will be provided a description and a piece of code, and your task is to say if the description is relevant to the code, using irrelevant, partially irrelevant, partially relevant, relevant only'}, {'role': 'user', 'content': ""The description is ['string similarity levenshtein'] and the source code is ['public static double similarLevenshtein(String s1, String s2) {\\n        if (s1.equals(s2)) {\\n            return 1.0;\\n        }\\n\\n        // Make sure s1 is the longest string\\n        if (s1.length() < s2.length()) {\\n            String swap = s1;\\n            s1 = s2;\\n            s2 = swap;\\n        }\\n\\n        int bigLength = s1.length();\\n        return (bigLength - StringUtils.getLevenshteinDistance(s2, s1)) / (double) bigLength;\\n    }'].""}]",Partially relevant,['partially relevant']
20240201-215401,50,"[{'role': 'system', 'content': 'You will be provided a description and a piece of code, and your task is to say if the description is relevant to the code, using irrelevant, partially irrelevant, partially relevant, relevant only'}, {'role': 'user', 'content': ""The description is ['copying a file to a path'] and the source code is ['public Path withFile(final String file) {\\n\\t\\tfinal Path result = new Path(this);\\n\\t\\tresult.setFile(file);\\n\\t\\treturn result;\\n\\t}'].""}]",Partially relevant,['irrelevant']
20240201-215401,50,"[{'role': 'system', 'content': 'You will be provided a description and a piece of code, and your task is to say if the description is relevant to the code, using irrelevant, partially irrelevant, partially relevant, relevant only'}, {'role': 'user', 'content': 'The description is [\'aes encryption\'] and the source code is [\'private byte[] doEncryptionOrDecryption(byte[] crypt, Key key, int mode) {\\n        Cipher rsaCipher;\\n        try {\\n            rsaCipher = Cipher.getInstance(CIPHER);\\n        } catch (NoSuchAlgorithmException | NoSuchPaddingException e) {\\n            throw SeedException.wrap(e, CryptoErrorCode.UNABLE_TO_GET_CIPHER)\\n                    .put(""alias"", alias)\\n                    .put(""cipher"", CIPHER);\\n        }\\n        try {\\n            rsaCipher.init(mode, key);\\n        } catch (InvalidKeyException e) {\\n            throw SeedException.wrap(e, CryptoErrorCode.INVALID_KEY)\\n                    .put(""alias"", alias);\\n        }\\n        try {\\n            return rsaCipher.doFinal(crypt);\\n        } catch (IllegalBlockSizeException | BadPaddingException e) {\\n            throw SeedException.wrap(e, CryptoErrorCode.UNEXPECTED_EXCEPTION);\\n        }\\n    }\'].'}]",Partially relevant,['irrelevant']
20240201-215401,50,"[{'role': 'system', 'content': 'You will be provided a description and a piece of code, and your task is to say if the description is relevant to the code, using irrelevant, partially irrelevant, partially relevant, relevant only'}, {'role': 'user', 'content': ""The description is ['httpclient post json'] and the source code is ['public Observable<HttpClientResponse<ByteBuf>>\\n  postSmile(String uriStr, JsonPayload payload) {\\n    byte[] entity = toByteArray(SMILE_FACTORY, payload);\\n    URI uri = URI.create(uriStr);\\n    return rxHttp.post(uri, SMILE_CONTENT_TYPE, entity);\\n  }'].""}]",Partially relevant,['irrelevant']
20240201-215401,50,"[{'role': 'system', 'content': 'You will be provided a description and a piece of code, and your task is to say if the description is relevant to the code, using irrelevant, partially irrelevant, partially relevant, relevant only'}, {'role': 'user', 'content': 'The description is [\'how to randomly pick a number\'] and the source code is [\'public String generateBsn() {\\n        String Result1 = """";\\n        int Nr9 = randomUtil.random(3);\\n        int Nr8 = randomUtil.random(10);\\n        int Nr7 = randomUtil.random(10);\\n        int Nr6 = randomUtil.random(10);\\n        int Nr5 = randomUtil.random(10);\\n        int Nr4 = randomUtil.random(10);\\n        int Nr3 = randomUtil.random(10);\\n        int Nr2 = randomUtil.random(10);\\n        int Nr1 = 0;\\n        int SofiNr = 0;\\n        if ((Nr9 == 0) && (Nr8 == 0) && (Nr7 == 0)) {\\n            Nr8 = 1;\\n        }\\n        SofiNr = 9 * Nr9 + 8 * Nr8 + 7 * Nr7 + 6 * Nr6 + 5 * Nr5 + 4 * Nr4 + 3 * Nr3 + 2 * Nr2;\\n        Nr1 = floor(SofiNr - (floor(SofiNr / 11)) * 11);\\n        if (Nr1 > 9) {\\n            if (Nr2 > 0) {\\n                Nr2 -= 1;\\n                Nr1 = 8;\\n            } else {\\n                Nr2 += 1;\\n                Nr1 = 1;\\n            }\\n        }\\n        Result1 += Nr9;\\n        Result1 += Nr8;\\n        Result1 += Nr7;\\n        Result1 += Nr6;\\n        Result1 += Nr5;\\n        Result1 += Nr4;\\n        Result1 += Nr3;\\n        Result1 += Nr2;\\n        Result1 += Nr1;\\n        return Result1;\\n    }\'].'}]",Partially relevant,['partially irrelevant']
20240201-215401,50,"[{'role': 'system', 'content': 'You will be provided a description and a piece of code, and your task is to say if the description is relevant to the code, using irrelevant, partially irrelevant, partially relevant, relevant only'}, {'role': 'user', 'content': ""The description is ['socket recv timeout'] and the source code is ['protected Socket acceptSocket(int timeout)\\n    {\\n        try\\n        {\\n            Socket s = null;\\n\\n            if (_listen != null)\\n            {\\n                if (_soTimeOut != timeout)\\n                {\\n                    _soTimeOut = timeout;\\n                    _listen.setSoTimeout(_soTimeOut);\\n                }\\n\\n                s = _listen.accept();\\n\\n                try\\n                {\\n                    if (getMaxIdleTimeMs() >= 0) s.setSoTimeout(getMaxIdleTimeMs());\\n                    if (_lingerTimeSecs >= 0)\\n                        s.setSoLinger(true, _lingerTimeSecs);\\n                    else\\n                        s.setSoLinger(false, 0);\\n                }\\n                catch (Exception e)\\n                {\\n                    LogSupport.ignore(log, e);\\n                }\\n            }\\n            return s;\\n        }\\n        catch (java.net.SocketException e)\\n        {\\n            // TODO - this is caught and ignored due strange\\n            // exception from linux java1.2.v1a\\n            LogSupport.ignore(log, e);\\n        }\\n        catch (InterruptedIOException e)\\n        {\\n            LogSupport.ignore(log, e);\\n        }\\n        catch (IOException e)\\n        {\\n            log.warn(LogSupport.EXCEPTION, e);\\n        }\\n        return null;\\n    }'].""}]",Partially relevant,['partially relevant']
20240201-215401,50,"[{'role': 'system', 'content': 'You will be provided a description and a piece of code, and your task is to say if the description is relevant to the code, using irrelevant, partially irrelevant, partially relevant, relevant only'}, {'role': 'user', 'content': ""The description is ['string similarity levenshtein'] and the source code is ['public static double similarLevenshtein(String s1, String s2) {\\n        if (s1.equals(s2)) {\\n            return 1.0;\\n        }\\n\\n        // Make sure s1 is the longest string\\n        if (s1.length() < s2.length()) {\\n            String swap = s1;\\n            s1 = s2;\\n            s2 = swap;\\n        }\\n\\n        int bigLength = s1.length();\\n        return (bigLength - StringUtils.getLevenshteinDistance(s2, s1)) / (double) bigLength;\\n    }'].""}]","The description is partially relevant to the code. The code implements a method called `similarLevenshtein` which calculates the similarity between two strings using the Levenshtein distance algorithm. However, the code also includes additional logic to ensure that the longer string is used as the reference for the calculation.",['partially relevant']
20240201-215401,50,"[{'role': 'system', 'content': 'You will be provided a description and a piece of code, and your task is to say if the description is relevant to the code, using irrelevant, partially irrelevant, partially relevant, relevant only'}, {'role': 'user', 'content': 'The description is [\'deducting the median from each column\'] and the source code is [\'@Override\\n  public List<Assignment> assign(Collection<String> suiteNames, int slaves, long seed) {\\n    // Read hints first.\\n    final Map<String,List<Long>> hints = ExecutionTimesReport.mergeHints(resources, suiteNames);\\n\\n    // Preprocess and sort costs. Take the median for each suite\\\'s measurements as the \\n    // weight to avoid extreme measurements from screwing up the average.\\n    final List<SuiteHint> costs = new ArrayList<>();\\n    for (String suiteName : suiteNames) {\\n      final List<Long> suiteHint = hints.get(suiteName);\\n      if (suiteHint != null) {\\n        // Take the median for each suite\\\'s measurements as the weight\\n        // to avoid extreme measurements from screwing up the average.\\n        Collections.sort(suiteHint);\\n        final Long median = suiteHint.get(suiteHint.size() / 2);\\n        costs.add(new SuiteHint(suiteName, median));\\n      }\\n    }\\n    Collections.sort(costs, SuiteHint.DESCENDING_BY_WEIGHT);\\n\\n    // Apply the assignment heuristic.\\n    final PriorityQueue<SlaveLoad> pq = new PriorityQueue<SlaveLoad>(\\n        slaves, SlaveLoad.ASCENDING_BY_ESTIMATED_FINISH);\\n    for (int i = 0; i < slaves; i++) {\\n      pq.add(new SlaveLoad(i));\\n    }\\n\\n    final List<Assignment> assignments = new ArrayList<>();\\n    for (SuiteHint hint : costs) {\\n      SlaveLoad slave = pq.remove();\\n      slave.estimatedFinish += hint.cost;\\n      pq.add(slave);\\n\\n      owner.log(""Expected execution time for "" + hint.suiteName + "": "" +\\n          Duration.toHumanDuration(hint.cost),\\n          Project.MSG_DEBUG);\\n\\n      assignments.add(new Assignment(hint.suiteName, slave.id, (int) hint.cost));\\n    }\\n\\n    // Dump estimated execution times.\\n    TreeMap<Integer, SlaveLoad> ordered = new TreeMap<Integer, SlaveLoad>();\\n    while (!pq.isEmpty()) {\\n      SlaveLoad slave = pq.remove();\\n      ordered.put(slave.id, slave);\\n    }\\n    for (Integer id : ordered.keySet()) {\\n      final SlaveLoad slave = ordered.get(id);\\n      owner.log(String.format(Locale.ROOT, \\n          ""Expected execution time on JVM J%d: %8.2fs"",\\n          slave.id,\\n          slave.estimatedFinish / 1000.0f), \\n          verbose ? Project.MSG_INFO : Project.MSG_DEBUG);\\n    }\\n\\n    return assignments;\\n  }\'].'}]",Partially relevant,['irrelevant']
20240201-215401,50,"[{'role': 'system', 'content': 'You will be provided a description and a piece of code, and your task is to say if the description is relevant to the code, using irrelevant, partially irrelevant, partially relevant, relevant only'}, {'role': 'user', 'content': 'The description is [\'string to date\'] and the source code is [\'private Date toDate(final String pStringDate) {\\n\\n        // weird manipulation to parse the date... remove \\\':\\\' from the timezone\\n        // before: 2011-07-12T22:42:40.000+02:00\\n        // after: 2011-07-12T22:42:40.000+0200\\n        final StringBuilder _date = new StringBuilder();\\n        _date.append(pStringDate.substring(0, pStringDate.length() - 3));\\n        _date.append(pStringDate.substring(pStringDate.length() - 2));\\n        try {\\n            return new SimpleDateFormat(RFC_339_DATE_FORMAT).parse(_date.toString());\\n        } catch (final ParseException e) {\\n            throw new IllegalArgumentException(\\n                    ""The given spreadsheet ListEntry usercrashdate field value is malformed"", e);\\n        }\\n    }\'].'}]",Partially relevant,['partially irrelevant']
20240201-215401,50,"[{'role': 'system', 'content': 'You will be provided a description and a piece of code, and your task is to say if the description is relevant to the code, using irrelevant, partially irrelevant, partially relevant, relevant only'}, {'role': 'user', 'content': 'The description is [\'convert decimal to hex\'] and the source code is [\'private static int decode(final int hex) {\\n        if (hex >= CcHex.BACK.length) {\\n            throw new DecodingException(\\n                String.format(""invalid hex char: 0x%2x"", hex)\\n            );\\n        }\\n        final int dec = CcHex.BACK[hex];\\n        if (dec < 0) {\\n            throw new DecodingException(\\n                String.format(""invalid hex character: 0x%2x"", hex)\\n            );\\n        }\\n        return dec;\\n    }\'].'}]",Irrelevant,['irrelevant']
20240201-215401,50,"[{'role': 'system', 'content': 'You will be provided a description and a piece of code, and your task is to say if the description is relevant to the code, using irrelevant, partially irrelevant, partially relevant, relevant only'}, {'role': 'user', 'content': ""The description is ['how to empty array'] and the source code is ['public static Double[] nullToEmpty(Double[] array) {\\n        if (array == null || array.length == 0) {\\n            return EMPTY_DOUBLE_OBJECT_ARRAY;\\n        }\\n        return array;\\n    }'].""}]",Partially irrelevant,['irrelevant']
20240201-215401,50,"[{'role': 'system', 'content': 'You will be provided a description and a piece of code, and your task is to say if the description is relevant to the code, using irrelevant, partially irrelevant, partially relevant, relevant only'}, {'role': 'user', 'content': 'The description is [\'how to randomly pick a number\'] and the source code is [\'public String generateBsn() {\\n        String Result1 = """";\\n        int Nr9 = randomUtil.random(3);\\n        int Nr8 = randomUtil.random(10);\\n        int Nr7 = randomUtil.random(10);\\n        int Nr6 = randomUtil.random(10);\\n        int Nr5 = randomUtil.random(10);\\n        int Nr4 = randomUtil.random(10);\\n        int Nr3 = randomUtil.random(10);\\n        int Nr2 = randomUtil.random(10);\\n        int Nr1 = 0;\\n        int SofiNr = 0;\\n        if ((Nr9 == 0) && (Nr8 == 0) && (Nr7 == 0)) {\\n            Nr8 = 1;\\n        }\\n        SofiNr = 9 * Nr9 + 8 * Nr8 + 7 * Nr7 + 6 * Nr6 + 5 * Nr5 + 4 * Nr4 + 3 * Nr3 + 2 * Nr2;\\n        Nr1 = floor(SofiNr - (floor(SofiNr / 11)) * 11);\\n        if (Nr1 > 9) {\\n            if (Nr2 > 0) {\\n                Nr2 -= 1;\\n                Nr1 = 8;\\n            } else {\\n                Nr2 += 1;\\n                Nr1 = 1;\\n            }\\n        }\\n        Result1 += Nr9;\\n        Result1 += Nr8;\\n        Result1 += Nr7;\\n        Result1 += Nr6;\\n        Result1 += Nr5;\\n        Result1 += Nr4;\\n        Result1 += Nr3;\\n        Result1 += Nr2;\\n        Result1 += Nr1;\\n        return Result1;\\n    }\'].'}]",Partially relevant,['partially irrelevant']
20240201-215401,50,"[{'role': 'system', 'content': 'You will be provided a description and a piece of code, and your task is to say if the description is relevant to the code, using irrelevant, partially irrelevant, partially relevant, relevant only'}, {'role': 'user', 'content': ""The description is ['deserialize json'] and the source code is ['public static <T> T deserialize(byte[] input, Class<T> classType)\\n            throws JsonParseException, JsonMappingException, IOException {\\n        return mapper.readValue(input, classType);\\n    }'].""}]",Partially relevant,['partially irrelevant']
20240201-215401,50,"[{'role': 'system', 'content': 'You will be provided a description and a piece of code, and your task is to say if the description is relevant to the code, using irrelevant, partially irrelevant, partially relevant, relevant only'}, {'role': 'user', 'content': ""The description is ['how to extract zip file recursively'] and the source code is ['public static void unzip(File file, File destDir) throws IOException {\\n        if (!destDir.exists()) {\\n            destDir.mkdir();\\n        }\\n        ZipInputStream zipIn = new ZipInputStream(new FileInputStream(file));\\n        ZipEntry entry = zipIn.getNextEntry();\\n        // iterates over entries in the zip file\\n        while (entry != null) {\\n            File entryFile = new File(destDir, entry.getName());\\n            if (!entry.isDirectory()) {\\n                // if the entry is a file, extracts it\\n                extractFile(zipIn, entryFile);\\n            } else {\\n                // if the entry is a directory, make the directory\\n                entryFile.mkdir();\\n            }\\n            zipIn.closeEntry();\\n            entry = zipIn.getNextEntry();\\n        }\\n        zipIn.close();\\n    }'].""}]",relevant only,['relevant']
20240201-215401,50,"[{'role': 'system', 'content': 'You will be provided a description and a piece of code, and your task is to say if the description is relevant to the code, using irrelevant, partially irrelevant, partially relevant, relevant only'}, {'role': 'user', 'content': ""The description is ['how to reverse a string'] and the source code is ['public static String reverse(final String str) {\\n        if (str == null) {\\n            return null;\\n        }\\n        return new StringBuilder(str).reverse().toString();\\n    }'].""}]",Relevant only,['relevant']
20240201-215401,50,"[{'role': 'system', 'content': 'You will be provided a description and a piece of code, and your task is to say if the description is relevant to the code, using irrelevant, partially irrelevant, partially relevant, relevant only'}, {'role': 'user', 'content': ""The description is ['deserialize json'] and the source code is ['@Override\\n  public EventRequest deserialize(JsonElement json, Type typeOfT,\\n      JsonDeserializationContext context)\\n      throws JsonParseException {\\n    Gson gson = new GsonBuilder()\\n        .setFieldNamingPolicy(FieldNamingPolicy.LOWER_CASE_WITH_UNDERSCORES)\\n        .create();\\n\\n    // API versions 2017-05-25 and earlier render `request` as a string\\n    // instead of a JSON object\\n    if (json.isJsonPrimitive()) {\\n      EventRequest request = new EventRequest();\\n      request.setId(json.getAsString());\\n      return request;\\n    } else {\\n      return gson.fromJson(json, typeOfT);\\n    }\\n  }'].""}]",Partially relevant,['partially relevant']
20240201-215401,50,"[{'role': 'system', 'content': 'You will be provided a description and a piece of code, and your task is to say if the description is relevant to the code, using irrelevant, partially irrelevant, partially relevant, relevant only'}, {'role': 'user', 'content': ""The description is ['postgresql connection'] and the source code is ['private void postGetConnectionHandling(Connection conn) throws SQLException {\\n        helper.doConnectionSetup(conn);\\n\\n        String[] sqlCommands = dsConfig.get().onConnect;\\n        if (sqlCommands != null && sqlCommands.length > 0)\\n            onConnect(conn, sqlCommands);\\n\\n        // Log the database and driver versions on first getConnection.\\n        if (!wasUsedToGetAConnection) {\\n            // Wait until after the connection succeeds to set the indicator.\\n            // This accounts for the scenario where the first connection attempt is bad.\\n            // The information needs to be read again on the second attempt.\\n            helper.gatherAndDisplayMetaDataInfo(conn, this);\\n            wasUsedToGetAConnection = true;\\n        }\\n    }'].""}]",Partially relevant,['partially irrelevant']
